Jean Paul Gaultier,2,Error 405,
Tom Ford,8,London Destination,
Clive Christian,1872,Summer 1872,
Emporio Armani, Leather,Oud 24 hours Majestic Gold,
Dolce & Gabbana, Luminous Night,1 & Only Luminous,
Dolce & Gabbana, Luminous Night,Moonlit Night,
Masque Milano,(homage to) Hemingway,Essence of Vetiverum,
Paco Rabanne,1 Million,Bois Nuit,
Paco Rabanne ,1 Million,Club de Nuit,
Paco Rabanne ,1 Million,Tag-Him Prestige,
,1 Million Absolutely Gold,stronger,
Paco Rabanne,1 Million Elixir,Atoor Al Alam Al Raiee Lil Rijal,
,1 Million Lucky,,
Paco Rabanne,1 Million Parum,Shaghaf For Men,
xe,24 Gold,24 Carat PURE Gold,
Xerjoff,40 Knots,Ramz Gold,
Roja Parfums,51 Pour Femme,Dua Street 51 Femme,
Roja Parfums,A Goodnight Kiss,Nightly Kiss,
Mugler,A Men Pure Havane,Majestic Black,
Roja Parfums,A Midsummer Dream,Enchantment,
Thierry Mugler,A*Men Pure Havane,When In Havana,
the one,Abercrombie & Fitch,Dua’s Instinct ,
Benigna Parfums,Absolute Celebration,I Won,
Sospiro,Accento,Accent,
Xerjoff,Accento,Voux Violette,
Giorgio Armani,Acqua di Gio,9,
Giorgio Armani,Acqua di Gio,Acqua di Dua,
Giorgio Armani,Acqua di Giò,Blue Homme,
Giorgio Armani,Acqua di Giò Absolu,All You Need is Love,
Giorgio Armani,Acqua di Gio Essenza,Dua Essence of Water,
Giorgio Armani,Acqua di Gio Profumo,cc,
Giorgio Armani,Acqua di Giò Profumo,Jazaab silver,
Versace,acqua di Giò Profumo,Al qannas,
versace,Acqua di Giò Profumo,Suqraat,
Giorgio Armani,Acqua di Gio Profundo,Tres Nuit Lyric,
Maison Francis Kurkdjian,Acqua Vitae Cologne Forte,Acqua Del Mundo Cologne Attar,
Profumum,Acqua Viva,Acqua Solaris,
Memo Paris,African Leather,African Magic,
Memo Paris,African Leather,Cuìr de Afrìcano,
Memo Paris,African Leather,Inara Black,
Memo Paris,African Leather,Wild Leather,
Roja Parfums,Ahlam for Women,Inimitable Personality,
Xerjoff,Alexandria II,Alexander the Great,
Thierry Mugler,Alien Oud Majestueux,Alienated Aoud,
Chanel,Allure Edition Blanche,,
Chanel,Allure Homme,His OG Aspiration,
Chanel,Allure Homme Edition Blance,His Aspiration (Edition Bianca).,
Chanel,Allure Homme Sport,Alpine Homme Sport,
Chanel,Allure Homme Sport,De La Marque Brune,
Chanel,Allure Homme Sport,Medalist,
,Allure Homme Sport,Wave,
Chanel,Allure Homme Sport Eau Extreme,His Aspiration (Extreme Sport Edition)His Aspiration (Extreme Sport Edition),
Parfums de Marly,Althair,The Eagle Has Landed,
Montale,Amber & Spices,,
Roja Parfums,Amber Aoud,Gold Oudh,
Roja Parfums,Amber Aoud Absolue Precieux,Oud Ambre Absolu,
Roja Parfums,Amber Oud,Burj Khalifa,
Ex Nihilo,Amber Sky,Sky of Amber,
Hermes,Ambre Narguile,Amberlicious,
Hermes,Ambre Narguille,Amberlicious Coffee,
Christian Dior,Ambre Nuit,Amber Night,
Parfums de Marly,Ambre Sultan,Niche Oud,
Chanel,Anataeus,Blast From the Past,
Tiziana Terenzi,Andromeda,Anarch,
Bond No. 9,Andy Warhol,Montagne Pineapple Royale,
Mugler,Angel Nova,Mayar,
Guerlain,Angelique Noire,Dark Angelica,
Kilian,Angels' Share,Cognac D'ange,
Kilian Paris,Angels' Share,Angelic Elixir,
Kilian Paris,Angels' Share,Fire Your Desire,
Kilian Paris,Angels' Share,Kismet Angel,
Kilian Paris,Angels' Share,When Souls Get High,
Kilian Paris,Angels' Share,You're Drugged,
Nishane,Ani,Drowning in Vanilla,
Nishane,Ani,Nasheet,
Nishane,Ani,Vanille Absolute,
Sospiro,Anniversary,Dua’s Anniversary,
Le Labo,Another 13,Another 13 Shades,
Le Labo,Another 13,Another 14,
Viktor & Rolf,Antidote,Counterattack,
Burberry,Antique Oak,Winter Woods,
Montale,Aou'd Amber,,
Montale,Aou'd Cuir D'Arabie,,
Montale,Aou'd Forrest,,
Mancera,Aoud Cafe ,Raghba Wood Intense For Man,
Montale,Aoud Damascus,Oud Al Mubakhar,
Montale,Aoud Greedy,,
Montale,Aoud Jasmine,,
Montale,Aoud Lagoon,,
Montale,Aoud Leather ,,
Montale,Aoud LEGEND,,
Mancera,Aoud Lemon Mint,Blue Oud,
Montale,Aoud Lime,,
Montale,Aoud Musk,,
Montale,Aoud Night ,,
Montale,Aoud Purple Rose,,
Montale,Aoud Queen Roses,Oudi,
Montale,Aoud Safran,,
Montale,Aoud Sense,,
Mancera,Aoud Vanille,Aoud and Vanille,
Roja Parfums,Apex,Highness X,
Xerjoff,Apollonia,Zimaya Musk is Great,
by Kilian,Apple Brandy,Wasted Moment,
Kilian,Apple Brandy,Apple Cognac,
Maison Francis Kurkdjian,Aqua Celestia,Rose for Him,
Maison Francis Kurkdjian,Aqua Celestia Forte,Rain Water,
Dior,Aqua Fahrenheit,Celsius Water,
Montale,Aqua Gold ,,
Montale,Aqua Palma,,
Maison Francis Kurkdjian,Aqua Universalis Forte,Across the Universe,
Maison Francis Kurkdjian,Aqua Vitae Forte,Rose for Him,
Montale,Arabian Tonka,Mountain Nuit Paris,
Tom Ford,Arabian Wood,Ebony de Arabia,
Montale,Arabians,,
Giorgio Armani,Armani Prive Oud Royal,Opulent Oud,
Giorgio Armani,Armani Prive Rose d'Arabie,Sehr Al Sheila,
Giorgio Armani,Armani Prive Rouge Malachite,Opulent Red,
Giorgio Armani,Armani Prive Rouge Malachite,Red Mineral,
Initio Parfums,Atomic Rose,Infini Rose,
Initio Parfums,Atomic Rose,O-Matic Rose,
Initio Parfums,Atomic Rose,Qasaed Al Sultan,
Initio Parfums ,Atomic Rose,Bade'e Al Oud Amethyst,
Montale,Attar,,
Armani,Attitude,Egyptian Attitude,
Kemi Blending Magic,Aurum,"Strawberry, Chocolate & Oud",
Maison Margiela,Autumn Vibes,Tasmeem Men,
Creed,Aventus,-,
Creed,Aventus,Al Dur Al Maknoon Silver,
Creed,Aventus,Avant,
Creed,Aventus,Brasilia,
Creed,Aventus,Club de Nuit Intense Limited Edition,
Creed,Aventus,Club De Nuit Intense Man,
Creed,Aventus,Essence of Peace for Men,Spirit Of Peace
Creed,Aventus,I Love New York,The Warrior
Creed,Aventus,L’Aventure Intense,
Creed,Aventus,New Haarlem,Harlem Vibes
Creed,Aventus,Poseidon’s Cafe,
Creed,Aventus,Poseidon's Elixir 11Z,
Creed,Aventus,Poseidon's Elixir 11Z GO,
Creed,Aventus,Poseidon’s Elixir 13ZZ,
Creed,Aventus,Poseidon's Elixir 2.0,
Creed,Aventus,Poseidon's Elixir 2.0 Special Edition,
Creed,Aventus,Poseidon's Elixir 2.0 Special Edition,
Creed,Aventus,Poseidon’s Elixir Gen X Special Edition,
Creed,Aventus,Poseidon's Elixir Remixed MOD 1,
Creed,Aventus,Poseidon's Elixir Remixed MOD 2,
Creed,Aventus,Poseidon's Elixir Remixed MOD 3,
Creed,Aventus,Rumz al Rasasi,
Creed,Aventus,Tres Bon,
Creed,Aventus,Vibrant Leather,
Creed,Aventus (batch 11z01),Brasilia Prive,
Creed,Aventus Cologne,Brasilia Cologne,
Creed,Aventus Cologne,Pineapple Frais,
Creed,Aventus Cologne,Poseidon's Cologne,
Creed,Aventus for Her,Amphitrite’s Elixir,
Creed,Aventus for Her,Cleopatra,
Creed,Aventus for Her,Pomme Pour Elle,
Creed,Aventus for Her,Qasamat Rasana,
Creed,Aventus x Bacarat Rouge,Qaed Al Fursan,
Yves Saint Laurent,Babycat,Arabiyat Prestige Nayel Queen,
Yves Saint Laurent,Babycat,Ishq Al Shyuykh Gold,
Yves Saint Laurent,Babycat,Pride Ishq Al Shuyukh Gold,
Yves Saint Laurent,Babycat,Rifaaqat,
Maison Francis Kurkdjian,Baccarat Rouge 540,Amber Oud Rouge,
Maison Francis Kurkdjian,Baccarat Rouge 540,Ana Abiyedh Rouge,
Maison Francis Kurkdjian,Baccarat Rouge 540,Baroque Rouge 540,
Maison Francis Kurkdjian,Baccarat Rouge 540,Casino Royale,
Maison Francis Kurkdjian,Baccarat Rouge 540,Cloud,
Maison Francis Kurkdjian,Baccarat Rouge 540,Club de Nuit Untold,
Maison Francis Kurkdjian,Baccarat Rouge 540,For Him Red Edition,
Maison Francis Kurkdjian,Baccarat Rouge 540,Gharaam,
Maison Francis Kurkdjian,Baccarat Rouge 540,Interplay,
Maison Francis Kurkdjian,Baccarat Rouge 540,Le Bonbon,
Maison Francis Kurkdjian,Baccarat Rouge 540,Le Bonbon Intense,
Maison Francis Kurkdjian,Baccarat Rouge 540,Opulent Musk,
Maison Francis Kurkdjian,Baccarat Rouge 540,Private Musk,
Maison Francis Kurkdjian,Baccarat Rouge 540,Qasamat Bareeq,
Maison Francis Kurkdjian,Baccarat Rouge 540,Red Temptation,
Maison Francis Kurkdjian,Baccarat Rouge 540 Extrait,Amber Oud Ruby Edition,
Maison Francis Kurkdjian,Baccarat Rouge 540 Extrait,Casino Royale Nights,
Maison Francis Kurkdjian,Baccarat Rouge 540 Extrait,Casino Royale Nights Attar,
Maison Francis Kurkdjian,Baccarat Rouge 540 Extrait,Casino Royale Nights GOLD,
Maison Francis Kurkdjian,Baccarat Rouge 540 Extrait,Casino Royale Nights Special Edition,
Maison Francis Kurkdjian,Baccarat Rouge 540 Extrait,Dark Casino Royale Nights,
Maison Francis Kurkdjian,Baccarat Rouge 540 Extrait,Philos Rosso,
Maison Francis Kurkdjian,Baccarat Rouge 540 Extrait de Parfum,Retro Flare (Gold),
Maison Francis Kurkdjian,Baccarat Rouge 540 Parfum,Aura,
By Kilian,Back to Black,Fade to Black ,
Kilian Paris,Back to Black,Honey Laced Tabac,
Kilian Paris,Back to Black,Niche White Diamond,
Montale,Backdoor,,
Creed,Baie de Genievre,A Greener Dua,
Byredo,Bal D'afrique,Azonto,
Byredo,Bal d’Afrique,Africano,
Byredo,Bal d'Afriquek,Paris 1920,
Nasomatto,Baraonda,Fire Mind Control,
Nasomatto,Baraonda,Liquid Mind Control,
Nasomatto,Baraonda,The God Father,
Amouage,Beach Hut Man,Paradise Sunrise,
Amouage,Beach Hut Man,,
Tom Ford,Beau De Jour,Zino,
Orto Parisi,Bergamask,Hatkora Wood,
Le Labo,"Bergamot 22, Vanille 44",,
Atelier Cologne,Bergamot Soleil,Blazing Bergamot,
Le Labo,Bergamote 22,Eau Bergamote,
Byredo,Bibliotheque,Berlinetta,
Tom Ford,Bitter Peach,Bright Peach,
Tom Ford,Bitter Peach,Bright Peach,
Tom Ford,Bitter Peach,Just Peach,
Tom Ford,Bitter Peach,Sour Peach,
Nasomatto,Black Afgano,Anubis Kiss,
Nasomatto,Black Afgano,Rumz Al Rasasi 9453 Pour Lui,
Montale,Black Aoud ,,
Montale,Black Musk,,
Tom Ford,Black Opium,Ambery Vanilla,
Tom Ford,Black Opium,Black Optra,
Tom Ford,Black Opium,Diva!,
Tom Ford,Black Opium,Fleur Noir,
Tom Ford,Black Opium,Fleur Noire,
Tom Ford,Black Opium,Gardenia,
Tom Ford,Black Opium,Little Black Dress,
Tom Ford,Black Opium,Midnight Nymph,
Tom Ford,Black Opium,Opera Noir,
Tom Ford,Black Opium,Revolutionary Noire,
Yves Saint Laurent,Black Opium,#ERROR!,
Tom Ford,Black Orchid,Black Spice Orchid,
Tom Ford,Black Orchid,Celestial Flower,
Tom Ford,Black Orchid ,Oud 24 hours ,
Kilian,Black Phantom,Phantom Noir,
Kilian Paris,Black Phantom,Black Widow,
Byredo,Black Saffron,By Saffron,
Byredo,Black Saffron,Darkside of Saffron,
,Black XS,Italiano Nero,
,Black XS,,
,Black XS L’Exces,Shawq,
Jo Malone,Blackberry & Bay,Bay of Berries,
Nasomatto,Blamage,Dignified Leather,
Bond No. 9,Bleecker Street,Greenwich Village,
Bond No. 9,Bleeker St.,Emerald Street,
Chanel,Bleu de Chane,Bachelor Homme Sport,
Chanel,Bleu de Chanel,Bleu de Dua,
Chanel,Bleu de Chanel,Bleu Memoire,
Chanel,Bleu de Chanel,Club de Nuit Iconic,
Chanel,Bleu de Chanel,holl,
Chanel,Bleu de Chanel,Marjan Silver,
Chanel,Bleu de Chanel,Navy Black,
Chanel,Bleu de Chanel,Parfum Pour Homme,
Chanel,Bleu de Chanel,Pure Instinct,
Chanel,Bleu de Chanel,Tag Him,
Chanel,Bleu de Chanel Eau de Parfum,Bleu de Dua Attar,
Chanel,Bleu de Chanel EDP, ,
Chanel,Bleu de Chanel EDT,Amber Oud Blue,
Chanel,Bleu de Chanel/,Club De Nuit Blue Iconic,
MDCI Parfums,Bleu Satin,Satin Azure,
Polo,Blue,Another Blue Dua,
Montale,Blue Amber ,,
Montale,Blue Matcha,,
Boadicea the Victorious,Blue Sapphire,Dubai Lifestyle,
Henry Jacques,Blue Vanille,Vanille De Azur,
Goldfield & Banks,Bohemian Lime,Artistic Lime,
Christian Dior,Bois d'Argent,Silver Wood,
Creed,Bois De Portugal,Highlands,
Creed,Bois du Portugal,Derby Club House,
Creed,Bois du Portugal,Royal Portugal,
Tom Ford,Bois Marocain,Wood of Morocco,
Hugo Boss,Boss No. 1,Hey! Bossman,
Hugo Boss,Boss Unlimited,,
Bogetta Veneta,Bottega Veneta Pour Homme Extreme,Versace Eros,
Xerjoff,Bouquet Ideale,Inara White,
Chanel,Boy,Dua Boy,
Amouage,Braken, ,
Roja Parfums,Brittania,Shafaq Ard Al Zafaran,
Roja Parfums,Brittania,The Kingdom of UK,
Jo Malone,Bronze Wood & Leather,Leather Woodlands,
Fragrance du Bois,Brume du Matin,Under The Radar,
Dolce & Gabbana,By Man,Pour Homme,
Maison Margiela,By the Fireplace,Masion Du Soir,
Maison Martin Margiela,By the Fireplace,Ameer Al Oudh Intense,
Maison Martin Margiela,By the Fireplace,Camp Fire,
Maison Martin Margiela,By the Fireplace,Majd Al Sultan Asdaaf,
Louis Vuitton,Cactus Garden,Garden of Thorns,
Tom Ford,Cafe Rose,Dark Pleasure,
Tom Ford,Cafe Rose,Roses in the Cafe,
Louis Vuitton,California Dream,Cali Life,
Roja Parfums,Candy Aoud,Candylicious,
Montale,Candy Rose ,,
Parfums de Marly,Carlisle,Cumbria ,
Frederic Malle,Carnal Flower,Carnal Desire,
Thameen,Carved Oud,Ziffirino,
Xerjoff,carved Oud,Voux Elegante,
Xerjoff,Casamorati Lira,Lyra,
Parfums de Marly,Cassili,Dreamy Elixir,
Penhaligon,CedarHalfeti,Mohra,
Mancera,Cedrat Boise,Cedrat Essence Emir,
Mancera,Cedrat Boise,Oudh Al Misk,
Mancera,Cedrat Boise,RAED SILVER EDP,
Royal Crown,Celebration,Elated,
Carolina Herrera,CH Men,Error 407,
Carolina Herrera,CH Men,Sweet Suede,
Carolina Herrera,CH Men Prive,Error 411,
Carolina Herrera,CH Men Prive ,A Private Man,
Chanel,Chance Eau Tendre,Applejuice,
Montale,Chocolate Greedy,,
Azzaro,Chrome Legend,Italiano uomo,
Roja Parfums,Chypre Extraordinaire,Chypré X,
Montale,Chypre Fruite,,
Le Labo,Citron 28,28 Shades of Citron,
Franck Boclet,Cocaïne,Al Faris,
Mancera,Coco Vanille,Qaed Al Fursan Unlimited,
Giorgio Armani,Code Profumo,Ahlaamak,
Giorgio Armani,Code Profumo,Tres Nuit Lyric,
Giorgio Armani,Code Profumo x 1 Million,Hayaati Gold Elixir,
Giorgio Armani,Code Sport,Code of Dua,
lattafa,Colden,#FierceAttar,
Matiere Premiere,Cologne Cedrat,Cedar Cologne,
Davidoff,Cool Water,His Dua Water,
Davidoff,Cool Water for Her,Her Dua Water,
Chanel,Coromandel,China Affair,
Chanel,Coromandel,Sophisticated,
Henry Jacques,Correspondence,Unwritten,
Tom Ford,Costa Azzura,Stanley Beach,
Clive Christian,Crab Apple Blossom,Blooming Red,
Montale,Crazy IN Love,,
Roja Parfums,Creation E,King Tut,
Roja Parfums,Creation-E,Midnight With The Mobster,
Creed,Creed,Creed,
BDK Parfums,Creme de Cuir,Novillo Leather,
Montale,Crystal Flowers,,
Tiziana Terenzi,Cubia,Sorrento,
Guerlain,Cuir Beluga,Dua’s Suede,
MDCI Parfums,Cuir Cavalier,Historic Leather,
Guerlain,Cuir Intense,Intense Leather,
Guerlain,Cuir Intense,Qaa'ed Al Shabaab,
Roja Parfums,Danger,Lethal,
Frederic Malle,Dans Tes Bras,In The Dark,
Montale,Dark Aoud,,
Montale,Dark Purple,,
Montale,Dark Vanilla,,
Montale,Day Dreams,,
Roja Parfums,De La Nuit 3,Exotic 3,
Parfums de Marly,Delina,Lady Diana,
Parfums de Marly,Delina,Pink Rose,
Parfums de Marly,Delina,Rose 01,
Parfums de Marly,Delina,Souvenir Floral Bouquet ,
Parfums de Marly,Delina Exclusif,Miss Congeniality,
Roja Parfums,Diaghilev,Impresario,
Roja Parfums,Diaghilev,Trepak,
Montale,Diamond Flowers,,
Montale,Diamond Greed,,
Montale,Diamond Rose,,
Dior,Dior Homme Intense,Intense Homme,
Dior,Dior Homme Parfum,Intense Homme Attar,
Dior,Dior Homme Sport,Intense Homme Sport,
Spiritueuse,Double Vanille,Vanille Overload,
Bond No. 9,Dubai Indigo,Stone of Awareness,
Bond No. 9,Dubai Jade,refe,
Hermes,Eau Claire des Merveilles,Tenderness,
Lacoste,Eau de Lacoste L.12.12,Red Vanilla,
Hermes,Eau de Mandarine Ambree,Amber & Mandarin,
Hermes,Eau de Rhubarbe Ecarlate,Rouge Carmin,
Hermes,Eau des Merveilles,Chic Sublime,
Dior,Eau Sauvage,Cosmopolitan Vintage,
Tom Ford,Ebene Fume,Smoked Ebony,
Kayali,Eden Juicy Apple,Bade'e Al Oud Subline,
Chanel,Egoiste Platinum,Old Story,
Billie Eilish,Eilish,Nebras,
Roja Parfums,Elixir Pour Femme,Lady Elixir,
Roja Parfums,Elysiuim,Supernova,
Roja Parfums,Elysiuim,Supernova 2TONE GOLD & SILVER,
Roja Parfums,Elysiuim,Supernova Cologne Special Edition,
Roja Parfums,Elysium,Elysian Fraiche,
Roja Parfums,Elysium,Elysian Soleil,
Roja Parfums,Elysium,Elysian Zest,
Roja Parfums,Elysium,Supernova Rebirth,
Roja Parfums,Elysium Parfum Cologne,Elysian Cologne,
Roja Parfums,Elysium Parfum Cologne,Elysian Intense,
Roja Parfums,Elysium Pour Homme,Zion,
Montblanc,Emblem,Voyage,
Montblanc,Emblem ,Futura La Homme Intense,
Carolina Herrera,Emerald Musk,Green Musk,
Giorgio Armani,Emporio ,You're Mine,
Jo Malone,English Oak & Hazelnut,British Hazeloalk,
Jo Malone,English Oak & Redcurrant,British Redoak,
Roja Parfums,Enigma,Enigmatic Exclusif,
Roja Parfums,Enigma,Enigmatic Spéciale,
Roja Parfums,Enigma Aoud,The Mobster’s Aoud,
Roja Parfums,Enigma Pour Femme,Mrs. Mobster,
Gucci,Envy,Covet,
Gucci,Envy,Invidia,
Amouage,Epic Man,Italian Waters V,
Amouage,Epic Man,r,
Amouage,Epic Woman                    ,Mrs. Sultan’s Elixir,
Hermes,Epice Marine,Timeless Citrus,
Xerjoff,Erba Gold,Oudain,
Sospiro,Erba Pura,Tropical Aura,
Xerjoff,Erba Pura,AL-SHIR EDP ,
Xerjoff,Erba Pura,Ana Abiyedh,
Xerjoff,Erba Pura,Shaghaf Oud Ahmar,
Xerjoff,Erba Pura,Voux Turquoise,
Xerjoff,Erba Pura,Zimaya Amber is Great,
Creed,Erolfa,High Seas,
Versace,Eros,All You Need is Desire,
Benigna Parfums,Escape Velocity,Inertia,
Calvin Klein,Eternity,Acqua Immortale,
Louis Vuitton,Etoile Filane,Wish on a Star,
Tom Ford,Extreme Noir,The Extreme,
Tom Ford,F*cking Fabulous,Funtastic,
Christian Dior ,Fahrenheit,69 Fahrenheit,
Dior,Fahrenheit,Mercedes Benz Intense,
NJ,Fahrenheit,Celsius,
Dior,Fahrenheit Summer,Bois Luxura,
Frederic Malle,Fajr,Dusk,
Montale,Fantastic Aoud,,
Maison Francis Kurkdjian,Feminin Pluriel,Pure for Her,
Dior,Feve Delicieuse,Beauteous Delight,
Christian Dior,Feve Deliciouse,Gourmand Kiss,
m,Fico di Amalfi,Fig of Amalfi,
F,Fierce,#FierceAttar,
sauvage,Fierce,Edition One Men,
,Fierce,Beau Acute,
Tom Ford,Fleur de Chine,Flower of China,
Jean Paul Gaultier,Fleur de Male,Error 415,
Tom Ford,Fleur de Portofino,Italian Bouquet,
Ex Nihilo,Fleur Narcotique,Narcotic Flower,
Ex Nihilo,Fleur Narcotique Love Edition,Lustful Paradise,
Viktor & Rolf,Flowerbomb,Flower Orchid,
Viktor & Rolf,Flowerbomb,Heavy Petal,
Kilian Paris,Forbidden Games,Amberythme,
Montale,Forgeries Marine,,
Memo Paris,French Leather,Cuìr de Français,
Frederic Malle,French Lover,Paramour,
Mancera,French Riviera,,
Montale,Fruits OF The Musk,,
Tom Ford,Fucking Fabulous,F'ing Unbelievable,
Tom Ford,Fucking Fabulous,Fabulo Intense,
Tom Ford,Fucking Fabulous,Fabuloso Intense,
Montale,Full Licence,,
Chanel,Gabrielle,Dear Gabby,
Le Labo,Gaiac 10,Eau Gaiac,
Parfums de Marly,Galloway,Scottish Breed,
Parfums de Marly,Galloway,White,
Marc-Antoine Barrois,Ganymede,Galilean,
Maison Francis Kurkdjian,Gentle Fluidity Gold,,
Maison Francis Kurkdjian,Gentle Fluidity Silver,Retro Flare (Silver),
Maison Francis Kurkdjian,Gentle Fluidity Silver,Rose for Him,
Givenchy,Gentlemen,Adeeb,
Givenchy,Gentlemen Only,Just For You Homme,
Floraiku,Gf,Homecoming,
Parfums de Marly,Godolphin,Galatea,
Kilian Paris,Gold Knight,Khamrah,
Carolina Herrera,Good Girl,Naughty Girl,
Kilian Paris,Good Girl Gone Bad,Rose & Chocolate Kisses,
Kilian Paris,Good Girl Gone Bad Extreme,Extreme Rebellion,
Davidoff,Good Life,Great Life,
Davidoff,Good Life Women,Her Great Life,
Guerlain,Gourmand Coquin,"Dark Chocolate, Rum, and Vanilla",
Maison Francis Kurkdjian,Grand Soir,ALHA,
Maison Francis Kurkdjian,Grand Soir,Amber Grand,
Maison Francis Kurkdjian,Grand Soir,Crater,
Maison Francis Kurkdjian,Grand Soir,Eternal Oud,
Maison Francis Kurkdjian,Grand Soir,Paris Night,
Roja Parfums,Great Britain,Britain,
Creed,Green Irish Tweed,Amber Oud Carbon Edition,
Creed,Green Irish Tweed,Egra,
Creed,Green Irish Tweed,Irish Verbena,
Creed,Green Irish Tweed,L'Adventure Knight,
Creed,Green Irish Tweed,Raghba for man limited edition,
Creed,Green Irish Tweed,The Irish Gentleman,
Creed,Green Irish Tweed,Tres Nuit,
Creed,Green Irish Tweed,Vert Gentilhomme,
Creed,Green Irish Tweed x Aventus,Le Parfait,
Creed,Green Valley,Vert Instinct,
Parfums de Marly,Greenley,Dua Formula 003,
Tom Ford,Grey Vetiver,50 Shades of Gray,
Tom Ford,Grey Vetiver,Vetiver Vibes,
BDK Parfums,Gris Chanel,Carnal Grey,
BDK Parfums,Gris Charnel,Liam,
Dior,Gris Montaigne,Femme Fatale,
Tiziana Terenzi,Gumin,Gusta,
Roja Parfums,H Aoud,Alpha Aoud,
Roja Parfums,H The Exclusive Black Tier,Exclusive Tier,
Parfums de Marly,Habdan,Essence Of Royalty,
Guerlain,Habit Rouge Dress Code,Dua’s Dress Code,
Nishane,Hacivat,Hacienda,
Nishane,Hacivat,Hacivaz,
Nishane,Hacivat,Ottoman Breeze,
Nishane,Hacivat,Ottoman Breeze Attar,
Nishane,Hacivat,Supremacy Not Only Intense,
Penhaligon,Halfeti,Village of Karaotlak,
Roja Parfums,Haute Parfumerie Semi-Bespoke 24,Private Reserve 24,
Montale,Herbal Aquatica,,
Parfums de Marly,Herod,Arabian Horse,
Parfums de Marly,Herod,Hercules,
Parfums de Marly,Herod,King of Judea Attar,
Parfums de Marly,Herod,Radical Brown,
Parfums de Marly,Herod,Tobacco Noir,
Parfums de Marly,Herod,Tobacco Noir Intense,
Dior,Higher Energy,#Energetic,
Creed,Himalaya,Everest,
Creed,Himalaya,Himalaya Mountains,
Montale,Holy Neroli,,
Dior,Homme,Pride of Armaf Men,
Joop!,Homme,The Shit,
Dior,Homme Cologne,Reminiscent,
Dior,Homme Eau for Men,Intense Eau Homme,
Christian Dior,Homme Intense,Velvet Iris,
Dior,Homme Intense,Frenetic Homme Intense,
Dior,Homme Intense,Kayaan Classic,
Givenchy,Homme Intense,Reserve Privee,
Dior,Homme Parfum,Gary's Den,
Montale,Honey Aoud,Shaghaf Oud Azraq,
Bvlgari,https://docs.google.com/spreadsheets/d/1__60Js9Qnf6-wOfXDDIjWpJUiWT2lZNFT2KsmHinRgU/edit?usp=drivesdk,Al Qiam Silver,
Hugo Boss,Hugo,,
Hugo Boss,Hugo,,
Dior,Hypnotic Poison,Hypnotizing Venom,
Kilian Paris,I Don't Need a Prince by my Side to be a Princess,Rosa on Ice,
Cerruti,Image,Error 409,
Louis Vuitton,Imagination,AB,
Louis Vuitton,Imagination,Louis,
Amouage ,Imitaton Man,Betrayal,
Jo Malone,Incense & Cedrat,Citrus Incense,
Prada,Infusion d'Iris,Infused Iris,
Givenchy,Insense,#Emotional,
dolce,Insense,Hysteria,
Mancera,Instant crush,Afkaar,
Mancera,Instant Crush,Super Crush,
Montale,Intense Amber,,
Montale,Intense Black Aoud,,
Montale,Intense Cafe,,
Montale,Intense Cherry,,
Montale,Intense Iris,,
Gucci,Intense Oud,Intense Oud Arabian Oryx,
"Montale



",Intense Pepper,,
Montale,Intense Roses Musk,Madinah,
Montale,Intense Tiare,,
Amouage,Interlude, ,
Amouage ,Interlude,Shaghaf Oud Abyad,
Azzaro,Interlude,Azzaro,
Amouage,Interlude Black Iris for Men,King's Precious Iris & Oud,
Amouage,Interlude Man,F,
Amouage,Interlude Man,Midnight Oud,
Amouage,Interlude Man,t,
Amouage,Interlude Woman,Queen’s Precious Oud,
by Kilian,Intoxicated,Dark Knight,
Kilian Paris,Intoxicated,Euphoric,
Kilian Paris,Intoxicated,Spiritus Dei,
MDCI Parfums,Invasion Barbare,Invasion of the Barbers,
Paco Rabanne,Invictus,Rixos For Man,
Paco Rabanne,Invictus,Ruthless,
Paco Rabanne,Invictus,Victorioso,
,Invictus,Aura,
Paco Rabanne,Invictus Acqua,Najdia,
Paco Rabanne,Invictus Aqua,El Cielo Pour Homme,
Paco Rabanne,Invictus Aqua,Error 408,
Paco Rabanne,Invictus Aqua,Hawas,
Paco Rabanne,Invictus Aqua,Nice Sapphire,
Paco Rabanne,Invictus Legend,Victorioso Legend,
Paco Rabanne,Invictus Victory,Victorioso Victory,
Paco Rabanne,Invictus Victory Elixir,Epoque Artistique,
Paco Rabanne,Invictus/ Invictus Acqua,Hayaati,
Carolina Herrera,Iris Empire,DUA’s Empire of Iris,
Guerlain,Iris Ganache,Iris & White Chocolate,
Guerlain,Iris Toreffie,Iris Cafe,
Hermes,Iris Ukiyoe,The Floating World,
Memo Paris,Irish Leather,Carve On,
Memo Paris,Irish Leather,Cuìr de Irlandés,
Memo Paris,Irish Leather,La Yuqawam Ambergris Showers,
Henry Jacques,Irois,Best Citrus Ever,
Escada,Island Kiss,Tropical Kiss,
Tom Ford,Italian Cypress,Italian Decorum,
Tom Ford,Italian Cypress,Italian Forest,
Memo Paris,Italian Leather,Cuìr de Mìlano,
Memo Paris,Italian Leather,Rome,
Xerjoff,Italica,Italian Caramel,
Tom Ford,Japon Noir,Nights of Japan,
Creed,Jardin,Amalfi Coast,
Creed,Jardin d'Amalfi,Boschetti Della Costa,
Manos Gerakinis,Jardin Secret,Luminous Charm,
Tom Ford,Jasmin Rouge,Regal Jasmine,
Montale,Jasmine Fall,,
Ormonde,Jayne Montabaco,Latin Tabacum,
Ormonde,Jayne One.5,Equilibrium 1.5,
Maison Margiela,Jazz Club,Brooklyn Jazz,
Marshall,Jet Black,,
Hermes,Jour d'Hermes,Sunlight Daydream,
,Lady Diana,Golden Rush,
Amouage,Jubilation XXV Man,Jubilee,
Dolce & Gabbana,K,Kingsman,
Dolce & Gabbana,K,Ra'ed Luxe,
Henry Jacques,Kavianca,Fashionable Personality,
Tiziana Terenzi,Kirke,Karaat,
Tiziana Terenzi,Kirke,Kenzy,
Kilian Paris,Kisses Don't Lie,Soul Smoke,
Robert PIguet,Knightsbridge,Spellbound,
Bvlgari,Kobraa,Enter the Cobra,
Bvlgari,Kobraa9,Sceptre Malachite,
Tiziana Terenzi,Kuma,Magnifico,
Issey Miyake,L'EAU DISSEY POUR HOMME INTENSE,,
Prada,L'Homme,Infused Iris,
Yves Saint Laurent,L'Homme,Homme Classique,
Maison Francis Kurkdjian,L'Homme a la Rose,Citrus Rose,
Maison Francis Kurkdjian,L'Homme a la Rose,Rose for Him,
MDCI Parfums,L'Homme Aux Gants,Lost in Translation,
Guerlain,L'Homme Ideal Extreme,Supreme L'Homme Extreme,
Yves Saint Laurent,L'Homme Parfum Intense,Niche Platinum,
Louis Vuitton,L'Immensite,Alexandria,
Guerlain,L'Instant de Guerlain Pour Homme Eau Extreme,#Addicted,
Roja Parfums,L'Oscar,Pure London,
Nobile 1942,La Danza delle Libellule,Qasamat Ebhar,
Lancome,La Nuit,Sheikh Al Shuyukh Luxe Edition,
Yves Saint Laurent,La Nuit de L'Homme,Ombre Noir,
Yves Saint Laurent,La Nuit del Homme Bleu Electrique,,
Yves Saint Laurent,La Nuit del Homme Bleu Electrique,,
Lancome,La Vie Est Belle,Oud Mood,
Le Labo,Labdanum 18,24 Shades of Patchouli,
Tom Ford,Lavender Extreme,X-Treme Lavanda,
Parfums de Marly,Layton, ,
Parfums de Marly,Layton,Royal Chariot Attar,
Parfums de Marly,Layton,Royal Equestrian,
Parfums de Marly,Layton,Vanille Fraiche (New Formulation),
Bvlgari,Le Gemme Orom,Sceptre Oceana,
Chanel,Le Lion de Chanel,Lion of Dua,
Jean Paul Gaultier,Le Male ,,
Jean Paul Gaultier,Le Male Le Parfum,Error 404 Attar,
Montale,Leather Patchouli,,
Yves Saint Laurent,Libre Intense,Golden Decade,
Le Labo,Limette 37,37 Shades of Limette,
Frederic Malle,Lipstick Rose,Rosa’s Lipstick,
Xerjoff,Lira,Chocolate Dream,
Fragrance du Bois,London Oud,British Oud,
Widian,Londong,London,
Tom Ford,Lost Cherry,Boozy Cherry,
Tom Ford,Lost Cherry,Cherry Smoothie,
Tom Ford,Lost Cherry,Parfum de Cerise,
Tom Ford,Lost Cherry,s,
Tom Ford,Lost Cherry,,
Christian Louboutin,Loubicrown,Crowned by Dua,
Christian Louboutin,Loubidoo,,
Christian Louboutin,Loubikiss,A Scent Memory,
Christian Louboutin,Loubirouge,Rouge Dua,
Roja Parfums,Love,My Love,
Creed,Love in Wait,Elegance in a Bottle,
Masque Milano,Luci Ed Ombre,White Florals and Incense,
Montale,Lucky Candy,,
Prada,Luna Rossa,Darkside of the Moon,
Amouage,Lyric Man,Golden Rush,
Le Labo,Lys 41,41 Shades of Lys,
Puredistance,M,Distance,
Yves Saint Laurent,M7,Ejazzi Silver Intense,
,M7,Sheikh Al Shuyukh Final Edition,
Yves Saint Laurent,M7 Oud Absolu,Musamam,
Chanel,Mademoiselle,Serene,
Roja Parfums,Madison Pour Femme,Bucharest Elixir Femme,
Escada,Magnetism,SISLEY,
Exscada,Magnetism,Magnetic,
Versace,Man eau fraiche,Aura fresh,
Tom Ford,Mandarino di Amalfi,Artisan Blu,
Tom Ford,Mandarino Di Amalfi,Citrus Splash,
Montale,Mango Manga,,
Roja Parfums,Manhattan,Manhattan Booze,
Maison Francis Kurkdjian,Masculin Pluriel,Pure for Her,
Dolce & Gabbana,Masculine,Dua’s Masculinity,
Amouage,Meander,Harmony,
Orto Parisi,Megamare,#Mega,
Orto Parisi,Megamare,A Chaos in the Ocean,
Parfums de Marly,Meliora,Zee,
Louis Vuitton,Meteore,#TheMeteore,
Michael Kors,Midnight Shimmer,Casablanca,
Creed,Millesime 1849,Year of 1849,
Creed,Millesime Imperial,Citron del Mar,
Creed,Millesime Imperial,Club De Nuit Milestone,
Creed,Millesime Imperial,Imperialé Pastèque,
Creed,Millesime Imperial,Malay Aklan,
Dior,Miss Dior Cherie,,
Guerlain,Mitsouko Extract,Classic,
Byredo,Mojave Ghost,Mojave Sand,
Escentric Molecules,Molecule 01,Monocline 01,
Escentric Molecules,Molecule 02,Monocline 02,
M Micallef,Mon Parfum Cristal,Wajd,
Ormond Jayne,Montabaco,Gustavo,
Montblanc,Montblanc,Derby Club House Gold,
Masque Milano,Montecristo,Oglasa,
by Kilian,Moonlight in Heaven,Moonlight in Paradise,
Kilian Paris,Moonlight in Heaven,Heaven’s Moonlight,
Xerjoff,More than Words,Karnak Temple,
Xerjoff,More Than Words,Maahir,
Contessa,Moresque,Bold Sensuality,
Memo Paris,Moroccan Leather,Cuìr de Morocco,
Stephanie Humbert Lucas 777,Mortal Skin,Immortal,
Tom Ford,Moss Breches,Chypré Suprême,
Burberry,Mr. Burberry,,
Guerlain,Muguet,Divine Green,
Montale,Mukhallat,Makkah,
Frederic Malle,Musc Ravageur,Naram's Elixir,
Frederic Malle,Musc Ravageur,,
Roja Parfums,Musk Aoud,Regal Musk Oud,
by Kilian,Musk Oud,Darkwood Rose,
Tom Ford,Musk Pure,Dua’s Purity of Musk,
Initio Parfums,Musk Therapy,Dua Therapy,
Montale,Musk To Musk,,
Cartier,Must de Cartier,Must de Dua,
Jo Malone,Myrrh & Tonka,Dua,
Jo Malone,Myrrh & Tonka,Mr. Sillage,
Hermes,Myrrhe Eglantine,Lush Blend,
Carolina Herrera,Mystery Tobacco,Tobacco Rush,
House of Sillage,N.001,Singularity,
Narciso Rodriguez,Narciso Eau de Parfum Ambrée,Shahd,
Ormonde Jayne,Nawab of Oud Intensivo,Prince Of Oud,
Xerjoff,Naxos,Raghba Wood Intense For Man,
Xerjoff,Naxos,Sicilian Tobacco,
Xerjoff,Naxos 1861,1981X,
Nishane,NEFS,Century XVI,
Montale,Nepal Aoud,,
Matiere Premiere,Neroli Oranger,Neroli & Orange Cologne,
Tom Ford,Neroli Portofino,Alexandria Port,
Tom Ford,Neroli Portofino,Neroli of Genoa,
Tom Ford,Neroli Portofino,Portfolio Neroli Canvas,
Tom Ford,Neroli Portofino,Porto Neroli,
Creed,Neroli Sauvage,Dirty Orange,
Creed,Neroli Sauvage,Wild Neroli,
Xerjoff,Nio,F,
Henry Jacques,No. 11 de Sacha,No. 11 De Dua,
Tom Ford,Noir Anthracite,Coal of Dua,
Parfums de Marly,Noir De Noir,Club de Nuit Intense Women,
Tom Ford,Noir de Noir,Night Rosa,
Tom Ford,Noir EDP,Amber Pour Homme Intense,
Tom Ford,Noir Extreme,Odyssey Homme,
Tom Ford,Noir Extreme,Select Night,
Parfums de Marly,Noir Extreme Twist,Just Jack Noir Endurance,
Montale,Noise Fruite,,
Juliette Has a Gun,Not a Perfume,#NoPerfume,
Acqua di Parma,Note di Colonia II,Fig of Amalfi,
Acqua di Parma,Note di Colonia V,,
Louis Vuitton,Nouveau Monde,Jean Lowe Nouve,
Nasomatto,Nudiflorum,Shurah Pour Homme,
Louis Vuitton,Nuit de Feu,Darkside of Leather,
Parfums de Marly,Oajan,Apple Crumb,
Calvin Klein,Obsession for Men,His Obsession,
Memo Paris,Ocean Leather,Cuìr de Oceanic,
Roja Parfums,Oceania,Ocean of Dua,
Montale,Odyssey,,
Fragrance One,Office for Men,Cubicle For Men,
Fragrance One,Office for Men,Ejaazi,
Roja Parfums,Oligarch,The Monarch,
Paco Rabanne,Olympea,Her Sensual Mist,
Tom Ford,Ombre Leather,Mirsaal of Trust,
Tom Ford,Ombre Leather,Noir En Leather,
Tom Ford,Ombre Leather,Rare Carbon,
Tom Ford,Ombre Leather,Shumoukh Al Ghutra,
Tom Ford,Ombre Leather,Velvet Oud,
Tom Ford,Ombre Leather,Vintage Suede,
Tom Ford,Ombré Leather,Amber & Leather,
Tom Ford,Ombré Leather,Amber & Leather,
Louis Vuitton,Ombre Nomad,Jean Lowe Ambre,
Louis Vuitton,Ombre Nomade,Amber Musk,
Louis Vuitton,Ombre Nomade,Faqat Lil Rijal,
Louis Vuitton,Ombre Nomade,Jean Lowe Ombre,
Louis Vuitton,Ombre Nomade,Leather for the Ages,
Louis Vuitton,Ombre Nomade,Royal Night,
Louis Vuitton,Ombre Nomade,,
Louis Vuitton,On the Beach,#BeachVibes,
Louis Vuitton,Orage,The Taste of Orange,
Montale,Orange Aoud,,
Jo Malone,Orange Bitters,Citrus Saturation,
Montale,Orange Flowers,,
Giorgio Armani,ORIGINAL EAU POUR HOMME,,
Original Brand,Original Name of Perfume,Clone Name of Perfume,
Creed,Original Santal,Origins of Santal,
Creed,Original Santal,Santal Silk,
Tiziana Terenzi,Orza,La Vela,
Jo Malone,Oud & Bergamot,Berga Aoud,
BDK Parfums,Oud Abramad,lllllllllll,
Fragrance Du Bois,Oud Bleu Intense,Aoud Intense Bleu,
Fragrance du Bois,Oud Bleu Intense,Bleu Oud,
Lancome,Oud Bouquet,Aoud Bouquet,
Lancome,Oud Bouquet,Damascus Rose,
Lancome,Oud Bouquet,Inara Oud,
Lancome,Oud Bouquet,Shaghaf Oud,
Lancome,Oud Bouquet Eau de Parfum,Santal's Kiss,
Montale,Oud Deam,,
Montale,Oud Edition,,
Guerlain,Oud Essentiel,Essentials of Aoud,
Initio Parfums,Oud for Greatness,Bade'e Al Oud Oud For Glory,
Initio Parfums,Oud for Greatness,Infini Oud,
Initio Parfums,Oud for Greatness,Oudh Adam,
Initio Parfums,Oud for Greatness,Shadow Play,
Initio Parfums,Oud for Greatness,Supremacy in Oud,
Initio Parfums,Oud for Greatness,Zimaya Oud is Great,
Montale,Oud Island,,
Christian Dior,Oud Ispahan,Oriental Leather,
Dior,Oud Ispahan,Oudh 36 Nuit,
Fragrance Du Bois,Oud Jaune Intense,Aoud Intense Sunlight,
Chopard,Oud Malaki,Sotoor Waaw, 
Tom Ford ,Oud Minaral,Wajwood,
Tom Ford,Oud Minerale,Aoud & Minerals,
Fragrance du Bois,Oud Noir Intense,Noir Oud,
Fragrance Du Bois,Oud Orange Intense,Aoud Intense Orange,
Fragrance du Bois,Oud Orange Intense,Orange Oud,
Montale,Oud Pashmina,,
Maison Francis Kurkdjian,Oud Satin Mood,Baroque Satin Oud,
Maison Francis Kurkdjian,Oud Satin Mood,Ministry of Oud - Oud Satin,
Maison Francis Kurkdjian,Oud Satin Mood,Nostalgia,
Maison Francis Kurkdjian,Oud Satin Mood Extrait,Rose for Him,
Montale,Oud Tabacco,,
Fragrance du Bois,Oud Vert Intense,Aoud Intense Vert,
Fragrance du Bois,Oud Vert Intense,Oud Verde,
Fragrance du Bois,Oud Violet Intense,Violet Oud,
Tom Ford,Oud Wood,Bois Oudh,
Tom Ford,Oud Wood,"E1005=HYPERLINK(""https://alexandriafragrances.com/collections/niche-inspirations/products/agar"",""Agar"")",
Tom Ford,Oud Wood,Icon Absolute,
Tom Ford,Oud Wood,Oud Bois,
Tom Ford,Oud Wood,Supremacy Gold,
Tom Ford,Oud Wood,Versace Pour Homme Oud Noir,
Tom Ford,Oud Wood,Woody Oud,
Tom Ford,Oud Wood,Woody Oud,
Tom Ford,Oud Wood,Woody Oud,
Tom Ford,Oud Wood Intense,Agar Intense,
Montale,Oudmazing,,
Montale,Oudrising,,
Goldfield & Banks,Pacific Rock Moss,Dua’s Mossy Rock,
Yohji Yamamoto,Paradox,Paris Oud,
Initio Parfums,Paragon,Vintage Radio,
Nasomatto,Pardon,No Apologies,
Parfums de Marly,Parfums de Marly,White in Black,
DK Parfums,Pas Ce Soir,Her Ambition,
Le Labo,Patchouli 24,,
Nicolai Parfumeur Createur,Patchouli Incense,Xtreme Patch,
Nicolai Parfumeur Createur,Patchouli Intense,Patchouli on Fire,
Montale,Patchouli Leaves,,
Slumberhouse,Pear + Olive,Succulent,
Parfums de Marly,Pegasis Exclusif,Exclusif Mythical Horse,
Parfums de Marly,Pegasus,Craze,
Parfums de Marly,Pegasus,Greek Horse,
Parfums de Marly,Pegasus,Mythical Horse,
Parfums de Marly,Pegasus,Perseus,
Parfums de Marly,Pegasus Exclusif,Stallion Exclusif,
Parfums de Marly,Pegasus Exclusif,Voyage Titan Pour Homme,
Paco Rabanne ,Percival,Legendary Knight,
Fragrance du Bois,Petales de Cashmere,Cashmere Flower,
Maison Francis Kurkdjian,Petit Matin,Sunday Morning,
Paco Rabanne,Phantom,Error 414,
Givenchy,Pi,3.14,
Givenchy,Pi,Slice of Pi,
Roja Parfums,Pierre de Velay 16,Le-Puy-En-Velay 16,
Roja Parfums,Pierre de Velay 4,Le Puy En Velay 4,
Roja Parfums,Pierre de Velay 6,Le Puy En Velay 6,
Montale,Pink Exrasy,,
Chanel,Platinum Egoiste,Legesi,
Givenchy,Play Intense,Intense Play With Dua,
Kilian Paris,Playing with the Devil,Deal With The Devil,
Scents of Wood,Plum in Cognac,Dua Formula 006,
Tom Ford,Plum Japonais,Forbidden Plum,
Tiziana Terenzi,Poggia,Pogi,
Issey Miyake,Polaris,Qaa'ed,
Ralph Lauren,Polo,Vintage 1978,
Ralph Lauren,Polo Green,Bet on Green,
Ralph Lauren,Polo Red,Bet on Red,
Ralph Lauren,Polo Sport,Endorphin for Him,
Ralph Lauren,Polo Sport,Gamer,
Ralph Lauren,Polo Supreme Cashmere,Bet on Cashmere,
Jo Malone,Pomegranate Noir,Apple of Grenada,
Atelier Cologne,Pomelo Paradis,Pomelo From Paradise,
Tiziana Terenzi,Porpora,Love Nectar,
Tom Ford,Porto Neroli,Amalfi Sunray,
Frederic Malle,Portrait Of A Lady,"""",
Frederic Malle,Portrait of a Lady,Portfolio Floral Sculpture,
Azzaro,Pour Homme,The Ruler,
Dolce & Gabbana,Pour Homme,Vintage Man,
Givenchy,Pour Homme,The Ruler of His Empire,
Versace,Pour Homme,Sauville Pour Homme,
Versace,Pour Homme Dylan Blue,Ejaazi,
Gucci,Pour Homme I,Man Card,
Gucci,Pour Homme II,Man Card VIP,
Montale,Powder Flowers ,,
Benigna Parfums,Premier Amour,Luxurious Couple,
Montale,Pretty Fruity,,
Giorgio Armani,Prive Bleu Turquoise,Green Mineral,
Giorgio Armani,Prive Vert Malachite,,
Frederic Malle,Promise,Promise Exclusif,
Frederic Malle,Promise,Promise Speciale,
Frederic Malle,Promise,The Unbreakable Vow,
Initio Parfums,Psychedelic Love,Aphrodisiac,
Initio Parfums,Psychedelic Love,#ERROR!,
Byredo,Pulp,What You Lust For,
Montale,Pure Gold,,
Mugler,Pure Havane,Ministry of Oud - Oud Satin,
Montale,Pure Love ,,
Thierry Mugler,Pure Malt,Killer Instinct,
Creed,Pure White Cologne,Bianca Pura,
Dior,Purple Oud,Arijwani Aoud,
Montale,Red Aoud,,
Mancera,Red Tobacco,Charuto Mysterious Tobacco,
Mancera,Red tobacco,Tobacco rouge,
Mancera,Red tobacco,Wild and Tobacco,
Montale,Red Vetiver,,
Amouage,Reflection for Her,With Love From Oman,
Amouage,Reflection Man,The Run Way,
Amouage,Reflection Man,,
Initio Parfums,Rehab,Action Nova,
Byredo,Reine de Nuit,Floral Night,
Montale,Rendezvous Vous A Milan,,
Montale,Rendezvous Vous A Moscou,,
Montale,Rendezvous Vous A Paris,,
Maison Margiela,Replica Bubble Bath,#Soapy,
Maison Margiela,Replica Matcha Meditation,Matchalicious,
Xerjoff,Richwood,Rich Bois,
Xerjoff,Richwood,Valley of the Kings,
Montale,Ristretto Intense Cafe ,,
Yves Saint Laurent,Rive Guche Pour Homme Intense,Niche Black Onyx,
Bella Bellissima,Riviera Lime,La Spezia Lime,
Clive Christian,Rock Rose,Rock & Rolla with Roses,
Roja Parfums,Roja Haute Luxe,Gold Label,
Kilian Paris,Rolling In Love,Lovebound,
Profumum,Roma Dulcis in Fundo,Dolce Vita,
Ralph Lauren,Romance for Her,Her Affair,
Ralph Lauren,Romance for Him,His Affair,
Frederic Malle,Rose & Cuir,Rosa & Leather,
Le Labo,Rose 31,18 Shades of Labdanum,
Le Labo,Rose 31,Eau Rose,
Montale,Rose ELIXIR,,
Montale,Rose Night,,
Tom Ford,Rose Prick,Rose Addict,
Tom Ford,Rose Prick,Rose Petals,
Montale,Roses Musk,,
Montale,Roses Musk Limited,,
Kilian Paris,Roses on Ice,Slow Kill,
Mancera,Roses Vanille,Ajwad,
Mancera,Roses Vanille,Crystal Rose,
Mancera,Roses Vanille,Florence,
Mancera,Roses Vanille,Montaigne Vanille,
Mancera,Roses Vanille,Rose Gourmand,
Mancera,Roses Vanille,Teef Al Hub,
BDK Parfums,Rouge Smoking,,
Creed,Royal Mayfair,West End District,
Creed,Royal Oud,Highness Green,
Creed,Royal Oud,Highness III,
Creed,Royal Oud,Royalty,
Creed,Royal Princess Oud,Her Majesty’s Oud,
Creed,Royal Service,The Virtuoso,
Creed,Royal Water,Aqua Heaven,
Roja Parfums,Royale No. 4,Forbidden No. 4,
Memo Paris,Russian Leather,Cuìr de Russie,
Masque Milano,Russian Tea,Tea de Russie,
Louis Cardin,Sacred,,
Fragrance du Bois,Sahraa Oud,Dua Formula 001,
Montale,Sandflower,,
Le Labo,Santal 33,22 Shades Of Vanille Bergamot,
Le Labo,Santal 33,Eau Santal,
Le Labo,Santal 33,Rich Santal,
Tom Ford,Santal Blush,Adam Levine for Women,
Fragrance du Bois,Santal Complet,Rich Santal,
Hermes,Santal Massoia,Massoa Resin,
Christian Dior,Sauvage,#ERROR!,
Dior,Sauvage,Derby Club House Intense,
Dior,Sauvage,Hunter Intense,
Dior,Sauvage,I Am The King,
Dior,Sauvage,Modest Pour Homme Une,
Dior,Sauvage,Pride of Armaf Men,
Dior,Sauvage,Salvo,
Dior,Sauvage,Ventana,
Dior,Sauvage,Ventana Pour Homme,
Dior,Sauvage EDT,La Ciel De Nuit,
Dior,Sauvage Elixir,Ciel Elixir,
Dior,Sauvage Elixir,Montagne,
Dior,Sauvage Elixir,Salvo Elixir,
Dior,Sauvage Extreme,    ,
Dior,Sauvage Parfum,The Savage Attar,
Jean Paul Gaultier,Scandal,Jean Paul,
Jean Paul Gaultier,Scandal,Odysse Mandarin Sky,
Jean Paul Gaultier,Scandal by Night,Candid Tonight,
Jean Paul Gaultier,Scandal for Her,The Candid,
Roja Parfums,Scandal Pour Femme,Wicked! Femme,
Roja Parfums,Scandal Pour Homme,Wicked!,
Royal Crown,Sea Island,Adventure Island,
Paco Rabanne ,Sedley,Leedys,
Paco Rabanne ,Sedley,Maahir Legacy,
BDK Parfums,Sel d'Argent,Sea of Dua,
Byredo,Sellier,Saddle Maker,
Roja Parfums,Semi-Bespoke 14,Private Reserve 14,
Francesca Bianchi,Sex and the Sea Neroli,Tale of a Sea Seduction,
Paco Rabanne ,Shagya,Arabian Breed,
Memo Paris,Sicilian Leather,Cuir de Sicily,
Initio Parfums,Side Effect,Collateral Damage,
Creed,Silver Mountain Water,Maharjan Silver,
Creed,Silver Mountain Water,Supremacy in Heaven,
Creed,Silver Mountainr,Water of Arabia,
Kilian Paris,Single Malt,The Knight,
Kilian Paris,Smoke for the Soul,Taboo Games,
Creed,Spice & Wood,Bois Précieux et Épices,
Orto Parisi,Stercus,Ameer Al Oudh,
Kilian Paris,Straight to Heaven,Nirvana,
Roja Parfums,Sultanate of Oman,Kingdom of Oman,
Louis Vuitton,Sun Song,The Sun Sings,
Byredo,Sundazed,Dazed,
Amouage,Sunshine Man,Aurora Borealis,
Amouage,Sunshine Man,,
Amouage ,Sunshine Man,Killer Oud,
Frederic Malle,Superstitious,#LUCKY,
Louis Vuitton,Sur La Route,A Citrus Route,
Roja Parfums,Sweetie Aoud,Scrumptious,
Caron,Tabac Blond,Blonde Tabacum,
Roja Parfums,Taif Aoud,Majestic Taif,
Memo Paris,Tamarindo,Costarindo,
Masque Milano,Tango,Takes 2 to Tango,
Masque Milano,Terralba,Sardinia Provincia,
Hermes,Terre d'Hermes,Orange County,
Hermes,Terre d'Hermes,Tour Pour Homme,
Hermes,Terre d'Hermes Eau Tres Fraiche,Terre D’Dua Fraiche,
Orto Parisi,Terroni,Maahir Black,
Orto Parisi,Terroni,Maahir Black Edition,
Bond No. 9,Texas,Lone Star,
Frederic Malle,The Moon,Apollo,
Azzaro,The Most Wanted,Oud Najdia,
Azzaro,The Most Wantedd,Ansaam Silver,
Frederic Malle,The Night,Dawn,
Boadicea,The Victorious Azrak,Dua Formula 005,
Boadicea,The Victorious Blue Sapphire,Sapphire Sky,
Boadicea,The Victorious Brittania,Roman Britain,
Boadicea,The Victorious Chariot,Reins of the Steed,
Boadicea,The Victorious Dasman,Pride of Kuwait,
Boadicea,The Victorious Decade,Decennium,
Boadicea,The Victorious Glorious,For The Glory,
Boadicea,The Victorious Green Sapphire,Lush Sapphire,
Boadicea,The Victorious Hanuman,Strength of Wind,
Boadicea,The Victorious Ignite,Luminous Heat,
Boadicea,The Victorious Intricate,Leather of the Complex,
Boadicea,The Victorious Love Potion,Love Dungeon,
Boadicea,The Victorious Moccus,,
Boadicea,The Victorious Solar,Solar Flare,
Boadicea,The Victorious Valiant,Valor,
Boadicea,The Victorious Violet Sapphire,Purple Sapphire,
Masque Milano,Times Square,Fashionista,
Byredo,Tobacco Mandarin,Tabacum de Mandarino,
Tom Ford,Tobacco Vanille,Charuto Tobacco Vanille,
Tom Ford,Tobacco Vanille,Tobacco Touch,
Dior,Tobacolor,Color of Tabacum,
Guerlain,Tonka Imperiale,Tonkalicious,
Bond No. 9,TriBeCa,Bade'e Al Oud Honour And Glory,
The Spirit of Dubai,Turath,Heritage,
Tom Ford,Tuscan Leather,Toscano Leather,
Yves Saint Laurent,Tuxedo,Kismet for Men,
Yves Saint Laurent,Tuxedo,Suits,
Yves Saint Laurent,Tuxedo,The Tux ,
Yves Saint Laurent,Tuxedo,Tudor,
Bvlgari,Tygar,Enter The Tiger,
Jean Paul Gaultier,Ultra Male,Error 406,
Jean Paul Gaultier,Ultra Male,Ramz Silver,
Thierry Mugler,Ultra Zest,Zest,
Hermes,Un Jardin Apres la Mousson,Anticipation,
Hermes,Un Jardin en Mediterranee,Mediterranean Breeze,
Hermes,Un Jardin Sur le Nil,Complexity of Citrus,
Hermes,Un Jardin Sur le Toit,Pure Zen,
Tom Ford ,Uomo Noir Absolu,Midnight Ecstasy Killer Oud,
Jo Malone,Velvet Rose & Oud,Aoud Velrose,
Creed,Vetiver,Vintage Roots 1948,
Le Labo,Vetiver 46,46 Shades of Vetiver,
Roja Parfums,Vetiver Extrait,Vetivero,
Creed,Viking,Scarlet Warrior,
Creed,Viking Cologne,Scarlet Warrior Cologne,
Viktor & Rolf,Viktor & Rolf,Floral Shock,
Jean Paul Gaultier,Vintage Le Male,Error 404,
Creed,Virgin Island Water,Caribbean Waters,
Carolina Herrera,Virgin Mint,Error 412,
Kilian Paris,Vodka on the Rocks,Bottoms Up,
Guerlain,Vol de Nuit,Vintage 1933,
Hermes,Voyage d'Hermes,Avec Élégance,
Creed,White Amber,Avec Élégance,
Memo Paris,Winter Palace,Frosted Empire,
Gucci,Winter's Spring,Brisk Breeze,
Goldfield & Banks,Wood Infusion,Infused Wood,
Jo Malone,Wood Sage & Sea Salt,Herbs & Sea Salt,
Jo Malone,Wood Sage & Sea Salt,Herbs & Sea Salt Special Edition,
Nishane,Wulong Cha,Oolong Tea,
Clive Christian,X for Men,Anonyme X,
Clive Christian,X for Women,Anonyme XX for Her,
Clive Christian,X Neroli,Anonyme X: Neroli Edition,
Yves Saint Laurent,Y EDP,,
Yves Saint Laurent,Y EDT,Fakhar Black,
dior diorama,Yves Saint Laurent,Opera Noir,
Amouage,,Mystique Homme,
Amouage,,Risky Business,
Amouage,,Shiyaaka Silver,
Bond no. 9,,,
Bond No. 9,,,
Bond No. 9,,,
by Kilian,,Alexandria's 007,
Creed,,Yes I Am The King,
dior sauvage,,Dua’s Instinct,
Dolce & Gabbana,,Vintage Man,
Dolce & Gabbana,,#ERROR!,
Dolce & Gabbana,,,
Kilian Paris,,Hunter Men,
Lacoste,,La Nuit,
Louis Vuitton,,,
Louis Vuitton,,,
Tom Ford,,Unforgettable,
,,Obsessive Flower,
,,OUD ROMANCEA,